SCD AVG,PF AVG
15.714286,41.42857
